Date,TimeStart,TimeEnd
2026-01-15,05:00 pm,06:00 pm
2026-01-15,06:00 pm,07:00 pm
2026-01-15,07:00 pm,08:00 pm
2026-01-16,05:00 pm,06:00 pm
2026-01-16,06:00 pm,07:00 pm
2026-01-16,07:00 pm,08:00 pm
2026-01-17,11:00 am,12:00 pm
2026-01-17,12:00 pm,01:00 pm
2026-01-17,01:00 pm,02:00 pm
2026-01-17,02:00 pm,03:00 pm
2026-01-20,05:00 pm,06:00 pm
2026-01-20,06:00 pm,07:00 pm
2026-01-20,07:00 pm,08:00 pm
2026-01-22,05:00 pm,06:00 pm
2026-01-22,06:00 pm,07:00 pm
2026-01-22,07:00 pm,08:00 pm
2026-01-23,05:00 pm,06:00 pm
2026-01-23,06:00 pm,07:00 pm
2026-01-23,07:00 pm,08:00 pm
2026-01-24,11:00 am,12:00 pm
2026-01-24,12:00 pm,01:00 pm
2026-01-24,01:00 pm,02:00 pm
2026-01-24,02:00 pm,03:00 pm
2026-01-27,05:00 pm,06:00 pm
2026-01-27,06:00 pm,07:00 pm
2026-01-27,07:00 pm,08:00 pm
2026-01-29,05:00 pm,06:00 pm
2026-01-29,06:00 pm,07:00 pm
2026-01-29,07:00 pm,08:00 pm
2026-01-30,05:00 pm,06:00 pm
2026-01-30,06:00 pm,07:00 pm
2026-01-30,07:00 pm,08:00 pm
2026-01-31,11:00 am,12:00 pm
2026-01-31,12:00 pm,01:00 pm
2026-01-31,01:00 pm,02:00 pm
2026-01-31,02:00 pm,03:00 pm
2026-02-03,05:00 pm,06:00 pm
2026-02-03,06:00 pm,07:00 pm
2026-02-03,07:00 pm,08:00 pm
2026-02-05,05:00 pm,06:00 pm
2026-02-05,06:00 pm,07:00 pm
2026-02-05,07:00 pm,08:00 pm
2026-02-06,05:00 pm,06:00 pm
2026-02-06,06:00 pm,07:00 pm
2026-02-06,07:00 pm,08:00 pm
2026-02-07,11:00 am,12:00 pm
2026-02-07,12:00 pm,01:00 pm
2026-02-07,01:00 pm,02:00 pm
2026-02-07,02:00 pm,03:00 pm
2026-02-10,05:00 pm,06:00 pm
2026-02-10,06:00 pm,07:00 pm
2026-02-10,07:00 pm,08:00 pm
2026-02-12,05:00 pm,06:00 pm
2026-02-12,06:00 pm,07:00 pm
2026-02-12,07:00 pm,08:00 pm
2026-02-13,05:00 pm,06:00 pm
2026-02-13,06:00 pm,07:00 pm
2026-02-13,07:00 pm,08:00 pm
2026-02-14,11:00 am,12:00 pm
2026-02-14,12:00 pm,01:00 pm
2026-02-14,01:00 pm,02:00 pm
2026-02-14,02:00 pm,03:00 pm
2026-02-17,05:00 pm,06:00 pm
2026-02-17,06:00 pm,07:00 pm
2026-02-17,07:00 pm,08:00 pm
2026-02-19,05:00 pm,06:00 pm
2026-02-19,06:00 pm,07:00 pm
2026-02-19,07:00 pm,08:00 pm
2026-02-20,05:00 pm,06:00 pm
2026-02-20,06:00 pm,07:00 pm
2026-02-20,07:00 pm,08:00 pm
2026-02-21,11:00 am,12:00 pm
2026-02-21,12:00 pm,01:00 pm
2026-02-21,01:00 pm,02:00 pm
2026-02-21,02:00 pm,03:00 pm
2026-02-24,05:00 pm,06:00 pm
2026-02-24,06:00 pm,07:00 pm
2026-02-24,07:00 pm,08:00 pm
2026-02-26,05:00 pm,06:00 pm
2026-02-26,06:00 pm,07:00 pm
2026-02-26,07:00 pm,08:00 pm
2026-02-27,05:00 pm,06:00 pm
2026-02-27,06:00 pm,07:00 pm
2026-02-27,07:00 pm,08:00 pm
2026-02-28,11:00 am,12:00 pm
2026-02-28,12:00 pm,01:00 pm
2026-02-28,01:00 pm,02:00 pm
2026-02-28,02:00 pm,03:00 pm
2026-03-03,05:00 pm,06:00 pm
2026-03-03,06:00 pm,07:00 pm
2026-03-03,07:00 pm,08:00 pm
2026-03-05,05:00 pm,06:00 pm
2026-03-05,06:00 pm,07:00 pm
2026-03-05,07:00 pm,08:00 pm
2026-03-06,05:00 pm,06:00 pm
2026-03-06,06:00 pm,07:00 pm
2026-03-06,07:00 pm,08:00 pm
2026-03-07,11:00 am,12:00 pm
2026-03-07,12:00 pm,01:00 pm
2026-03-07,01:00 pm,02:00 pm
2026-03-07,02:00 pm,03:00 pm
2026-03-10,05:00 pm,06:00 pm
2026-03-10,06:00 pm,07:00 pm
2026-03-10,07:00 pm,08:00 pm
2026-03-12,05:00 pm,06:00 pm
2026-03-12,06:00 pm,07:00 pm
2026-03-12,07:00 pm,08:00 pm
2026-03-13,05:00 pm,06:00 pm
2026-03-13,06:00 pm,07:00 pm
2026-03-13,07:00 pm,08:00 pm
2026-03-14,11:00 am,12:00 pm
2026-03-14,12:00 pm,01:00 pm
2026-03-14,01:00 pm,02:00 pm
2026-03-14,02:00 pm,03:00 pm
2026-03-17,05:00 pm,06:00 pm
2026-03-17,06:00 pm,07:00 pm
2026-03-17,07:00 pm,08:00 pm
2026-03-19,05:00 pm,06:00 pm
2026-03-19,06:00 pm,07:00 pm
2026-03-19,07:00 pm,08:00 pm
2026-03-20,05:00 pm,06:00 pm
2026-03-20,06:00 pm,07:00 pm
2026-03-20,07:00 pm,08:00 pm
2026-03-21,11:00 am,12:00 pm
2026-03-21,12:00 pm,01:00 pm
2026-03-21,01:00 pm,02:00 pm
2026-03-21,02:00 pm,03:00 pm
2026-03-24,05:00 pm,06:00 pm
2026-03-24,06:00 pm,07:00 pm
2026-03-24,07:00 pm,08:00 pm
2026-03-26,05:00 pm,06:00 pm
2026-03-26,06:00 pm,07:00 pm
2026-03-26,07:00 pm,08:00 pm
2026-03-27,05:00 pm,06:00 pm
2026-03-27,06:00 pm,07:00 pm
2026-03-27,07:00 pm,08:00 pm
2026-03-28,11:00 am,12:00 pm
2026-03-28,12:00 pm,01:00 pm
2026-03-28,01:00 pm,02:00 pm
2026-03-28,02:00 pm,03:00 pm
2026-03-31,05:00 pm,06:00 pm
2026-03-31,06:00 pm,07:00 pm
2026-03-31,07:00 pm,08:00 pm
2026-04-02,05:00 pm,06:00 pm
2026-04-02,06:00 pm,07:00 pm
2026-04-02,07:00 pm,08:00 pm
2026-04-03,05:00 pm,06:00 pm
2026-04-03,06:00 pm,07:00 pm
2026-04-03,07:00 pm,08:00 pm
2026-04-04,11:00 am,12:00 pm
2026-04-04,12:00 pm,01:00 pm
2026-04-04,01:00 pm,02:00 pm
2026-04-04,02:00 pm,03:00 pm
2026-04-07,05:00 pm,06:00 pm
2026-04-07,06:00 pm,07:00 pm
2026-04-07,07:00 pm,08:00 pm
2026-04-09,05:00 pm,06:00 pm
2026-04-09,06:00 pm,07:00 pm
2026-04-09,07:00 pm,08:00 pm
2026-04-10,05:00 pm,06:00 pm
2026-04-10,06:00 pm,07:00 pm
2026-04-10,07:00 pm,08:00 pm
2026-04-11,11:00 am,12:00 pm
2026-04-11,12:00 pm,01:00 pm
2026-04-11,01:00 pm,02:00 pm
2026-04-11,02:00 pm,03:00 pm
2026-04-14,05:00 pm,06:00 pm
2026-04-14,06:00 pm,07:00 pm
2026-04-14,07:00 pm,08:00 pm
2026-04-16,05:00 pm,06:00 pm
2026-04-16,06:00 pm,07:00 pm
2026-04-16,07:00 pm,08:00 pm
2026-04-17,05:00 pm,06:00 pm
2026-04-17,06:00 pm,07:00 pm
2026-04-17,07:00 pm,08:00 pm
2026-04-18,11:00 am,12:00 pm
2026-04-18,12:00 pm,01:00 pm
2026-04-18,01:00 pm,02:00 pm
2026-04-18,02:00 pm,03:00 pm
2026-04-21,05:00 pm,06:00 pm
2026-04-21,06:00 pm,07:00 pm
2026-04-21,07:00 pm,08:00 pm
2026-04-23,05:00 pm,06:00 pm
2026-04-23,06:00 pm,07:00 pm
2026-04-23,07:00 pm,08:00 pm
2026-04-24,05:00 pm,06:00 pm
2026-04-24,06:00 pm,07:00 pm
2026-04-24,07:00 pm,08:00 pm
2026-04-25,11:00 am,12:00 pm
2026-04-25,12:00 pm,01:00 pm
2026-04-25,01:00 pm,02:00 pm
2026-04-25,02:00 pm,03:00 pm
2026-04-28,05:00 pm,06:00 pm
2026-04-28,06:00 pm,07:00 pm
2026-04-28,07:00 pm,08:00 pm
2026-04-30,05:00 pm,06:00 pm
2026-04-30,06:00 pm,07:00 pm
2026-04-30,07:00 pm,08:00 pm
2026-05-01,05:00 pm,06:00 pm
2026-05-01,06:00 pm,07:00 pm
2026-05-01,07:00 pm,08:00 pm
2026-05-02,11:00 am,12:00 pm
2026-05-02,12:00 pm,01:00 pm
2026-05-02,01:00 pm,02:00 pm
2026-05-02,02:00 pm,03:00 pm
2026-05-05,05:00 pm,06:00 pm
2026-05-05,06:00 pm,07:00 pm
2026-05-05,07:00 pm,08:00 pm
